000000,0,0,3599.9999999999995,0
000001,2.353366983206088,2647.5378561068487,3263.9391947981703,0
000002,2.2226020274980662,3756.197426471732,3082.57824799845,200.03418247482597
000010,8.494220805101634,3822.399362295735,2797.2961339178946,0
000011,9.920503844138974,5804.138163675472,2566.6342796871413,0
000012,9.45146227493748,6598.246760937438,2445.283772795091,170.20805350758175
000020,7.761672372350498,5239.128851336586,2556.0550659188575,310.4668948940199
000021,9.11667171769585,6974.6480511401805,2358.6667083564134,291.6984561126801
000022,8.719037752593376,7656.1654781071675,2255.7907877747302,435.993775872535
000100,0.2521977838330754,2837.225068122098,3563.986156468636,0
000101,2.567901711412733,5244.785059322376,3233.3036356102616,0
000102,2.426255653151391,6202.1027696146775,3054.953851772819,198.57684095716135
000110,8.645282513321,6160.998650168474,2772.8660784748586,0
000111,10.052405271554559,7976.995527989669,2545.3028700085288,0
000112,9.580076929667321,8664.080784611659,2425.7077430995596,169.1517586945735
000120,7.904455851669928,7368.305388833248,2535.25520607632,308.48916479415016
000121,9.242762372737117,8965.490385636931,2340.2985612513503,289.9519425455921
000122,8.841937866147282,9556.768768481803,2238.808446255709,433.4965156843805
000200,0.25061765341356673,4229.172901353939,3541.6562102853213,22.555588807221007
000201,2.5530505493324602,6515.713888320915,3214.6041985820557,20.820182973267986
000202,2.412993460492098,7398.077259256228,3038.2551223974388,217.1694114442888
000210,8.600079905681058,7305.217303415645,2758.3679082658136,18.822911484159828
000211,10.003263612526538,9037.922758727022,2532.860036439637,17.598770415820358
000212,9.53543452333089,9672.189183080827,2414.404135465102,185.13924213457338
000220,7.8666513347594735,8409.169078070054,2523.129880802958,324.2314219925623
000221,9.201201520796278,9936.907577393154,2329.7752135681485,304.83584972454366
000222,8.803896116836507,10483.696498271862,2229.17614721034,447.12015040853146
001000,1.00022903142236,4501.03064140062,3505.478356530587,0
001001,3.2341414886049975,6755.708287464449,3182.776609396823,0
001002,3.0575310567828438,7620.935492621163,3008.9711177819577,196.58928244168936
001010,9.189692642036634,7518.83943439361,2731.5740453275375,0
001011,10.548952756260636,9230.626948893212,2508.723272740639,0
001012,10.057525546472805,9853.444573251116,2391.853389394062,167.70744889214106
001020,8.40911503993067,8600.231290838186,2499.5526272745274,305.7860014520244
001021,9.706318150100113,10110.838026295622,2308.330200960413,287.5626284682685
001022,9.28871030536314,10648.175864779298,2209.0158383712987,430.0780303085953
001100,1.2392966263426333,7245.863508225648,3470.943641297772,0
001101,3.4381290839921532,9274.896863391561,3153.309405696249,0
001102,3.2517237267137524,9997.345192198032,2982.346142823163,195.1815274553483
001110,9.33351623488934,9793.838478454689,2707.9941591467777,0
001111,10.674804982637673,11348.245535020169,2488.0897931097625,0
001112,10.180555968138178,11869.207610182359,2372.889943535846,166.68186960718916
001120,8.545696753489448,10676.417727263912,2479.41893621867,303.8672737759729
001121,9.827150905403567,12055.107016709982,2290.518084672526,285.86514535919525
001122,9.406733366267133,12506.230440087369,2192.5269185883644,427.6478892456495
001200,1.2316828706106286,8583.660101584228,3449.6195155939963,22.116997700628357
001201,3.4186024922710034,10500.091121677051,3135.400425599435,20.445925233998715
001202,3.234251706696442,11152.588073909024,2966.321530683492,213.47614947962745
001210,9.285509589642114,10900.744556633716,2694.065676926566,18.51648602098948
001211,10.62341581446929,12376.778230233682,2476.1119757159913,17.33062156236855
001212,10.133804904890917,12847.9450373071,2361.993178351683,182.44832416667552
001220,8.505434847735838,11686.174581404268,2467.737485962084,319.3965616740524
001221,9.78358236725967,12999.19526586762,2280.3631043021255,300.5583165761996
001222,9.36680534513175,13408.186027831644,2183.220472053032,441.11332269583113
002000,0.9892350138693423,6677.336343618061,3466.9478906345735,39.569400554773694
002001,3.201287592402326,8744.168800044905,3150.4445012531814,36.57045517221182
002002,3.0281510705151744,9493.539280694366,2980.057746673549,229.2928456396096
002010,9.105173704864855,9312.10947088451,2706.451362327126,33.10972256314492
002011,10.458162310865152,10894.015994806068,2487.131735782531,30.98370150816811
002012,9.974963984227013,11434.86740969433,2372.2188230607435,195.8829115141021
002020,8.338289148330151,10233.354863859731,2478.5001095495945,333.5315659332061
002021,9.629399940173213,11635.435687273912,2290.037721337103,313.8122062353601
002022,9.218244396471992,12103.599999635499,2192.2578274431403,454.12565644452434
002100,1.22578529735361,9374.605585409881,3433.101965267125,39.2487023094954
002101,3.4034647610372466,11223.054484729408,3121.5167263216636,36.29635757967664
002102,3.220699346741835,11833.994308264135,2953.891868192571,227.66656951468104
002110,9.248257447962093,11554.149721426213,2683.2574692215085,32.88488766867461
002111,10.583515451114609,12982.950257336133,2466.8119756723727,30.78672762805123
002112,10.097491351277284,13424.591597197053,2353.529194021798,194.69480484915294
002120,8.47416835252279,12282.00174264131,2458.6659330464286,331.4562592129309
002121,9.74973122942819,13555.458649432387,2272.4730612839485,311.9743655243107
002122,9.335772294689495,13939.476281772866,2175.9872704929076,451.5789922583044
002200,1.2183361543694387,10684.96915191731,3412.238876540472,60.88752079168421
002201,3.384328835371339,12425.011909203582,3103.966048928555,56.33322376891124
002202,3.20355825522208,12968.498842553918,2938.1707699462004,245.6146825621028
002210,9.201121634030123,12642.024268592842,2669.581646990947,51.06548819313567
002211,10.532999391766632,13994.926468553873,2455.0376629934754,47.82289961887492
002212,10.051498349719873,14388.295130050148,2342.809118299984,210.20560864144466
002220,8.434576057727586,13275.844836724253,2447.1787614002433,346.72727365976266
002221,9.706844967416849,14485.542339725089,2262.477106233847,326.4374440996988
002222,9.296443147826496,14828.6186121848,2166.820409923492,464.842459734954
010000,8.84412633475982,9949.642126604796,2337.0587593962973,0
010001,10.047683005184682,11303.643380832767,2165.190866859627,0
010002,9.637476636160368,11764.82805689801,2076.794857224293,146.9734791320063
010010,14.057415493687785,11552.140565305446,1897.6031787369502,0
010011,14.859209768307629,12666.187904612458,1767.9351191488317,0
010012,14.321764884359816,13025.485375474735,1703.9904208940989,130.20891503522378
010020,13.135760408077438,12122.403739607278,1773.1894398858365,236.02904173154118
010021,13.930418204898348,13140.22258091809,1657.4283527107782,225.0220355193379
010022,13.456990383285508,13461.714854199843,1601.100345686028,339.72128160181234
010100,8.970466472510719,11901.3176912808,2319.0173877254692,0
010101,10.160206568961632,13138.25071282461,2149.1225019522794,0
010102,9.7476310143269,13522.464009421996,2061.853074682007,146.185216472112
010110,14.141051983887579,13253.69908541891,1884.0772884453172,0
010111,14.93475198302211,14278.02813696834,1755.7182541635348,0
010112,14.397143042619662,14577.59564772643,1692.5173499008388,129.58984438770514
010120,13.21841025712114,13710.177087491293,1761.1494946182893,234.88423775994346
010121,14.005556185614491,14649.586443639508,1646.482692364103,223.9812803366371
010122,13.531701776535662,14918.57529833069,1590.7767230395812,338.2031887167042
010200,8.930564645513284,12849.208949881571,2308.7020901996793,16.01327842102358
010201,10.117537582364797,14027.989132940229,2140.0970083652796,15.118624873027615
010202,9.7083502903809,14374.67011979048,2053.544278285758,160.10330024784983
010210,14.085913444521449,14079.33651054922,1876.7309276613996,14.03705622072775
010211,14.879390413639948,15059.152529184732,1749.2099895432787,13.344824875722225
010212,14.34568859056447,15329.631623477395,1686.4684030663693,141.99286437821286
010220,13.17021983016675,14480.477492699683,1754.728862755207,247.1524577787563
010221,13.956857946552054,15380.988652198099,1640.757763864136,235.71991923898156
010222,13.486237690329096,15624.41113189872,1585.4319991263567,349.1622398298195
011000,9.431265770834052,13010.437537975475,2287.565686224607,0
011001,10.586192985641546,14176.100304072099,2120.7296811553897,0
011002,10.15949521453065,14515.64250108187,2035.2494117795068,145.1052307550701
011010,14.508203553130098,14216.719022022964,1859.6038807165696,0
011011,15.278458468820878,15186.741414252247,1733.3205437347137,0
011012,14.732081974836628,15451.848672510358,1671.3348660847528,128.74043427596482
011020,13.56793557828815,14607.732345350028,1739.0840680101678,233.3138418574725
011021,14.333940567083705,15499.753252790973,1626.1662593972444,222.55284806335817
011022,13.851964673731567,15738.497633862655,1571.4867431857751,336.1188350775965
011100,9.55241528412396,14917.023256395509,2270.0649289870717,0
011101,10.694263577673306,15970.695293157936,2105.118250747588,0
011102,10.265492442761719,16236.487741808787,2020.7165586684293,144.33682828841825
011110,14.588506082917998,15883.797345006178,1846.4382764171064,0
011111,15.351077778262407,16767.534591270516,1721.4146038454885,0
011112,14.8046850927942,16975.13020661478,1660.1440949088976,128.13521604788517
011120,13.647567042406848,16165.41154960782,1727.345488553837,232.19516286225473
011121,14.406411867817225,16981.83657080902,1615.4831690964556,221.5347564988749
011122,13.924140955716043,17169.9109384024,1561.4030450105474,334.6326971543995
011200,9.510514772378354,15838.526768625212,2260.10756434251,15.790963625175888
011201,10.64994089469224,16837.02325851839,2096.3935276109396,14.920303541513697
011202,10.224645832505479,17067.162146225346,2012.6760849970024,158.08698470212897
011210,14.532316285001983,16689.239458226188,1839.3264451557989,13.86593468501275
011211,15.294832829133046,17530.47935600745,1715.1074977111602,13.190071719420905
011212,14.752365931644038,17710.281722350734,1654.2772125071706,140.40464643324114
011220,13.598379604109619,16918.07599168843,1721.1199320592445,244.3331279742113
011221,14.356865095504789,17697.25611280483,1609.9271723994157,233.15403059162537
011222,13.877850597616476,17860.835375114337,1556.2122108814501,345.4883055726179
012000,9.357323246146409,14496.063856950488,2269.6308314195016,28.224534791365528
012001,10.507782161426613,15570.995731971147,2105.021658218154,26.66482346927081
012002,10.08725644443588,15852.299342393773,2020.7778350684143,169.671150977185
012010,14.408352603476718,15512.555845697072,1846.8053827641058,24.776562958728363
012011,15.1784419376826,16412.939881734124,1721.973802930408,23.566481712312882
012012,14.639069190225472,16632.79984024453,1660.7826908947297,150.65665215118395
012020,13.480568819904928,15817.60972540839,1727.8857440867334,254.9926340682249
012021,14.24587224924437,16648.69042673086,1616.1750273056955,243.3040216761027
012022,13.769702347957086,16847.613626549944,1562.1541930773142,355.50196678505824
012100,9.47795689181018,16379.179837566719,2252.3704108958,28.06098817490811
012101,10.615486049256448,17344.732644621563,2089.61124443391,26.51880610954537
012102,10.192883779183497,17553.94472439993,2006.4238659784892,168.77901516581224
012110,14.488613537397947,17161.623012181335,1833.7950750825344,24.650444797310087
012111,15.251072527498755,17977.49665689518,1710.2003750068104,23.45235350568961
012112,14.71165057310577,18140.992029632394,1649.7115387609383,149.95285489488668
012120,13.56010617955156,17359.542623301564,1716.27574063403,253.77784613972344
012121,14.318300721599526,18116.485376766377,1605.6027023271783,242.197809019714
012122,13.841813451920967,18265.688671411936,1552.1711350835672,353.93942062641133
012200,9.436705629308019,17287.16795295607,2242.5673358098343,43.60727051196127
012201,10.571812619313738,18199.052242329966,2081.0143238720225,41.22055220471354
012202,10.152611814819558,18373.561657790255,1998.4965087967405,182.33572906735202
012210,14.433189145170862,17956.682918795566,1826.7801197009776,38.32750061669463
012211,15.195556686523473,18731.084862129825,1703.9750284363604,36.47144118134645
012212,14.65998575898918,18867.445675470626,1643.9180324801482,162.06883355816254
012220,13.511546038055672,18103.124558204745,1710.1295798512456,265.7610134627913
012221,14.269357133044943,18823.665775846188,1600.1143444855052,253.67562975266574
012222,13.796067966667378,18948.920057468575,1547.041401034077,364.6672502479985
020000,7.242734796110718,12240.221805427114,1913.891339465425,651.8461316499646
020001,8.313293777670406,13253.573451311055,1791.4446297365132,621.417018812153
020002,8.0304880480831,13571.52480126044,1730.5023824062541,722.7439243274791
020010,11.777652911154693,13343.828131744056,1589.859217884196,583.8303136735484
020011,12.550664064050766,14209.517570003787,1493.2664733490546,559.3005728373436
020012,12.165076318789946,14467.294145436132,1447.3895978631208,652.7184533695638
020020,11.123743708224689,13727.26695234232,1501.5883559577978,751.2916177521726
020021,11.881552858153135,14531.552680043513,1413.6562371408354,721.4088126960381
020022,11.535415769599133,14766.60519361834,1372.473164525511,805.2688253228287
020100,7.354085208161027,13829.10480135325,1901.1554773435128,648.6811549310928
020101,8.414513787881535,14763.936894980634,1779.8674467670862,618.5399843234303
020102,8.129545098909375,15029.315583046544,1719.5898709456624,719.5110889300788
020110,11.857703862616626,14762.841308957699,1579.8563336109369,581.2900798286728
020111,12.624143048359791,15565.55019040376,1484.0847988887667,556.9688853380685
020112,12.237865271977867,15780.792652415796,1438.674272892592,650.0805752111762
020120,11.20205623419278,15066.242593409515,1492.5013894848635,748.2035078406216
020121,11.953771287985727,15814.305520029955,1405.2763969747284,718.5610122170506
020122,11.606865115193036,16011.230761869974,1364.4943671997094,802.1822349513411
020200,7.3272460882489145,14599.784065702106,1894.2171106556525,659.4521479424023
020201,8.385226524683215,15495.677203351479,1773.6725022122787,628.9171500629576
020202,8.102204726763315,15735.46538378907,1713.8067396094998,729.1984254086984
020210,11.818909686135543,15450.662284387432,1574.6876073439498,591.1662216808511
020211,12.584564002549783,16222.166299034192,1479.4319159155507,566.5093561191037
020212,12.200667707463923,16416.724229525742,1434.3013550763606,659.046993428394
020220,11.167427277704132,15715.211568278723,1487.8876146032517,757.0192765331614
020221,11.918278206997186,16435.418691509436,1401.1038569647621,727.1165671873636
020222,11.57339932265021,16613.80300904368,1360.5601537005978,810.24911502348
021000,7.74322737927582,14726.80838230081,1878.1297954982556,644.3396207116135
021001,8.778920147850314,15614.226845821111,1758.6791164010644,614.5913101029824
021002,8.483444456950057,15849.349858041342,1699.4865371044295,715.0724262779545
021010,12.179631482025506,15562.238739750395,1561.1367656049893,577.8013401368335
021011,12.928270085997168,16327.07597370058,1466.6948357872686,553.7651717567757
021012,12.534892709421094,16517.946552711717,1422.0667020229075,646.4550565749234
021020,11.510003147692142,15819.968849982875,1475.3064665880281,743.9598858707752
021021,12.245488816620313,16534.25752455995,1389.2342200122334,714.646099290977
021022,11.891997083025311,16709.357910938474,1349.1310587456046,797.9378949612646
021100,7.850899416204357,16285.546970374635,1865.7115395046424,641.246945648503
021101,8.876901253352676,17097.266423853533,1747.3785551283813,611.7769886664493
021102,8.579450064545217,17281.654488697368,1688.8266107408856,711.9077056559238
021110,12.257128323101735,16957.108444256144,1551.360417995891,575.3131874939577
021111,12.999466151121336,17661.002376932323,1457.7133409109913,551.4793150026042
021112,12.60550570419426,17810.683116766988,1413.5360345046572,643.8674606053692
021120,11.585982294959614,17137.412593032564,1466.4147965331172,740.9316331099028
021121,12.315609653720436,17797.200496586458,1381.0281349232082,711.851337488826
021122,11.961444066884843,17935.31678578423,1341.3132808807381,794.9071418450231
021200,7.822574331336378,17038.56318951457,1858.9802804610526,651.9217647902337
021201,8.846341275247985,17813.000755537418,1741.3629592733344,622.0643656679445
021202,8.550900514705834,17972.871899267295,1683.20675875379,721.5183140606342
021210,12.217438359793164,17630.77478067638,1546.3369380709419,585.1074643787007
021211,12.959110845213859,18304.661784046235,1453.1880421707197,560.9430870820231
021212,12.567555770967022,18434.44394997965,1409.2804655982945,652.7671457995581
021220,11.550513538526893,17773.75289603993,1461.9255863890457,749.6842444075944
021221,12.279382653792934,18406.698200203646,1376.9657695551546,720.3469754904573
021222,11.927267809144436,18526.9423405997,1337.4808783596309,802.9218577915274
022000,7.69331500983296,15937.182875057093,1866.0234858649565,663.3916264932728
022001,8.724928309212006,16763.60585121126,1747.8629434014115,632.952076750779
022002,8.433015467088618,16958.87604064381,1689.384108806089,732.2215906420857
022010,12.109182744805409,16643.51359104385,1552.106926407716,595.2821711069521
022011,12.856584624508212,17359.378972230028,1458.5622166922549,570.6561206628373
022012,12.467491952488347,17517.981532574977,1414.4201768912517,662.3364182615792
022020,11.447067901880729,16840.711720141408,1467.2396768634308,759.5763530709625
022021,12.181156424192984,17511.2394402783,1381.9357967027454,729.8044749354182
022022,11.831316058267518,17657.38762147925,1342.2468781823495,812.2359139383655
022100,7.8005343397809765,17480.14960897392,1853.7426300473148,660.2279331507442
022101,8.822555281385332,18232.33501074277,1736.6807921069126,630.071422655424
022102,8.528674754168344,18377.822530946614,1678.8317165824055,729.0001511552447
022110,12.186534874316036,18025.720297483174,1542.4255452158175,592.7335055295445
022111,12.927681810346407,18681.701645627,1449.6637033335983,568.3135484370592
022112,12.53799511253324,18799.81321188943,1405.96563976898,659.6994519150485
022120,11.52288806640432,18146.848751116795,1458.4290851817739,756.5013714715999
022121,12.251160578160864,18763.772596219686,1373.8010475828205,726.9653689181368
022122,11.900639324668713,18873.53193123739,1334.4948559632303,809.1665362106772
022200,7.77257086405041,18224.06996715071,1847.0973048954613,670.766473366573
022201,8.792367708880798,18939.818690853677,1730.7385026389652,640.2334371061627
022202,8.50046157534696,19061.336512828584,1673.2780777350808,738.4975272970689
022210,12.1473000418538,18692.078804792287,1537.4596702992685,602.4154699514825
022211,12.887770281669313,19318.66647831568,1445.1881681745078,577.6732497761402
022212,12.50044997803626,19417.281449576283,1401.7554635351028,668.5042072645736
022220,11.48780398034694,18776.660801518927,1453.9885620040568,765.1590578096454
022221,12.215311194838037,19367.261671730786,1369.7810267815348,735.3724515885757
022222,11.866809155243718,19459.49148748469,1330.7012625400234,817.1000905636124
100000,25.186617151965145,11333.977718384314,1219.8646791392941,0
100001,25.390336112080746,12257.315659000953,1141.1030286177456,0
100002,24.631623353981656,12566.375236939113,1107.0046447958057,107.57502055505097
100010,27.53326535601258,12389.969410205662,998.1064238568113,0
100011,27.631616198792333,13192.256514582232,934.5710668829095,0
100012,26.877039119624857,13449.16756711392,909.0493637422238,98.31048120600485
100020,26.17704492215777,12777.135042714815,948.942174368301,177.32708048779003
100021,26.318796957723766,13527.58041961634,890.168203513539,171.04136196178797
100022,25.633329331252252,13763.86971225037,866.9839566574619,260.34788089806705
100100,25.20769037249778,12719.933234016971,1211.717368599258,0
100101,25.409726957269044,13583.170305412756,1133.6061565977275,0
100102,24.653419720853908,13851.551526470634,1099.864962096842,107.15211759942127
100110,27.543404761533903,13644.907308710666,991.5562944314553,0
100111,27.64101630965621,14397.700230908915,928.4985271623453,0
100112,26.888895317127663,14620.887460142245,903.23378197399,97.95716419286947
100120,26.19163470897852,13969.070808892986,942.8928806000933,176.68012474607207
100121,26.332372502887306,14674.773105595536,884.5394399293418,170.4393807952082
100122,25.64890240607937,14880.476393142053,861.5807697004188,259.45536779598336
100200,25.12762674086038,13394.168470104181,1207.8687616219993,11.434172255983617
100201,25.332293493225134,14227.440804972335,1130.1516113476162,10.970620464629356
100202,24.580520577522925,14475.908763059851,1096.6127068549943,117.48032444843123
100210,27.463913568275792,14254.885220470951,988.6946295897498,10.389721176695035
100211,27.564192980604304,14983.032173591419,925.9179292900637,10.005564972307408
100212,26.816190384802145,15189.731920262911,900.791526529204,107.42634410433398
100220,26.119744375897156,14548.304749751922,940.3048449925582,186.07639224944054
100221,26.262642089630624,15231.732604328336,882.1971025390689,179.52115568046747
100222,25.582740245320732,15422.48639728596,859.3582946607869,268.07240908212077
101000,25.442456720119875,13507.966033809713,1195.6878399486718,0
101001,25.633870283739217,14334.510361436252,1118.6615718269131,0
101002,24.875031362099513,14579.193476967603,1085.5458568978495,106.5707241108978
101010,27.744408238885512,14356.232765878805,978.1534214253187,0
101011,27.834107171134523,15078.946155187608,915.9117043162308,0
101012,27.08049064456092,15282.580869958649,891.1131292079648,97.4710443911245
101020,26.389632518677608,14644.028875299991,930.389616388454,175.7901105965122
101021,26.522726534759745,15322.576024112263,872.7592918359434,169.610983457199
101022,25.83757519523315,15510.57090385616,850.2136385034325,258.2268965572849
101100,25.462249770952752,14870.99370018729,1187.7229663442436,0
101101,25.652098020492677,15639.324900677715,1111.3265924666352,0
101102,24.895677039327886,15844.57909407712,1078.5561441860862,106.15566531898598
101110,27.753652869471626,15592.303230208756,971.7386105987928,0
101111,27.842683541890008,16266.940071577952,909.9605962149243,0
101112,27.091521005850154,16437.79850731632,885.4109399965948,97.12372464654679
101120,26.403327405730735,15818.918680802326,924.4596669526,175.15430103308603
101121,26.5354771969026,16453.94364122542,867.238196153485,169.0190112197507
101122,25.852327329985332,16612.172473984196,844.9113446749301,257.34884182684806
101200,25.382182513082075,15531.754374709853,1183.9881148727254,11.320371566823278
101201,25.574672737549655,16271.234598424764,1107.9722946702097,10.865817617420994
101202,24.822744126769834,16457.308524968925,1075.3964694831805,116.39102637987176
101210,27.67427992292715,16191.190374898582,968.9595257281629,10.295675632465054
101211,27.76597450278686,16842.017988621374,907.4535748334415,9.918316255538343
101212,27.018889772532372,16996.94503565692,883.0371903444019,106.51478925246597
101220,26.33148018789653,16388.13022317303,921.9440804111832,184.4737944136364
101221,26.4657929927901,17001.601625678715,864.9607619461979,178.02903119241503
101222,25.78618047579303,17145.36235150927,842.7495189016347,265.90148994835545
102000,25.299553423936064,14569.482415790757,1188.9719895331561,20.2202119048859
102001,25.49568260577853,15348.877360944067,1112.6310644035893,19.406965672836733
102002,24.74488334948913,15562.409101546784,1079.8662003050156,124.84860568754759
102010,27.60270307526865,15317.181115897602,973.157481723451,18.38707766366165
102011,27.69716226755307,16001.065122040247,911.4053826560632,17.712141792875652
102012,26.95084372612333,16178.877830993406,886.8469557217654,114.23928141434675
102020,26.261396579534964,15556.88307528478,925.8685459968258,192.42947723712058
102021,26.39835290703164,16200.311396385294,868.6666417414372,185.69718507553299
102022,25.719530061992845,16364.876770617822,846.3292344337202,273.4945851183828
102100,25.319829961521638,15920.47234254409,1181.0795911497755,20.136135595406785
102101,25.514364043737597,16642.637138920687,1105.359539365099,19.329503416140643
102102,24.765925668494955,16817.390425846974,1072.9349217542817,124.36489462355931
102110,27.61243666677821,16543.32741848906,966.79420788378,18.3175285821747
102111,27.706195645049405,17179.87501312474,905.4998692954687,17.647595925404463
102112,26.962281235798443,17325.405966898903,881.1870979221052,113.8341531325863
102120,26.275486724853074,16722.798565943023,919.9835813649364,191.73685516835863
102121,26.4114760423047,17323.342959944566,863.1855636405493,185.05209782509968
102122,25.73461459010634,17458.57075793525,841.0642314898371,272.56884973042526
102200,25.24065449785178,16574.266960095283,1177.3863386910343,31.330420145103492
102201,25.43776672747411,17268.15203678524,1102.0411115933357,30.07912468798696
102202,24.693749896857735,17424.100657016697,1069.808048689624,134.493998983227
102210,27.533868253203533,17136.46993109791,964.0432921249396,28.508846107082093
102211,27.63023580897382,17749.638643954804,903.0173335291247,27.469041816591698
102212,26.890340402308546,17879.523894041562,878.8359120661808,123.1359505033027
102220,26.204332630630145,17286.81383121725,917.4922631595889,200.9664416450389
102221,26.34244074243755,17866.175941759087,860.9293370619413,193.97821585347927
102222,25.669067970459867,17987.183264479077,838.9220227115904,281.0438887966953
110000,26.047946656599663,15237.876553084225,886.8582010509255,0
110001,26.188390068443244,15874.423738438183,832.5600890077432,0
110002,25.533062816994125,16042.72172828719,811.7264557309454,90.08488490705678
110010,27.95421694831497,15823.839670242945,726.1686454937046,0
110011,28.02414606061637,16394.27936790324,680.993932320302,0
110012,27.374174697144163,16538.21027276817,665.1994615896284,83.49574340066309
110020,26.78743494648849,16008.58332518085,695.8590679648718,150.26052113502348
110021,26.88977015768662,16550.353225212537,653.4283071199981,145.72266508010327
110022,26.290791225813447,16685.111199792562,638.8729655473759,222.66788760639508
110100,26.062382614228998,16371.757127853136,881.2769834308266,0
110101,26.20186207255626,16967.70780313611,827.3515542735554,0
110102,25.548357580395358,17108.18363045025,806.7164575839817,89.78812899879243
110110,27.961387884122193,16868.447374774496,721.536169009804,0
110111,28.030873388180265,17404.328596376978,676.6480299754727,0
110112,27.382731464412583,17524.465147677907,661.0022828812404,83.24075005624084
110120,26.7979166172705,17009.153527598577,691.5131027687374,149.79573181503338
110121,26.89962921782224,17519.171581878116,649.3404920085408,145.2854842192005
110122,26.30218839473617,17632.016792029593,634.9186382771272,222.01470108394412
110200,25.99380704320709,16920.701600736567,878.9581596585812,9.472351754366407
110201,26.135251163550805,17496.57174598678,825.2482442513657,9.151993539833327
110202,25.485023924565986,17623.54156319642,804.7166303028839,98.48984494380367
110210,27.893471652884365,17373.98417840397,719.7836087469154,8.744145085695841
110211,27.96491955949941,17892.780353018083,675.05594514714,8.470438290060036
110212,27.319788975006954,18001.37252528343,659.4828899294664,91.32444258776958
110220,26.735528470054174,17493.376377258664,689.9031932420488,157.8281417551102
110221,26.838885610311124,17987.696032734155,647.8741787122406,153.08677474667368
110222,26.2441101418331,18089.909116120893,633.5166650004809,229.4736806011228
111000,26.25282995950051,17007.244724438144,869.58750915203,0
111001,26.385231263520083,17578.967776548314,816.3082213615193,0
111002,25.73014798928328,17703.62820480595,796.0412069436746,89.37953826135518
111010,28.128756448874785,17452.96525255992,711.4557923930568,0
111011,28.192713204422915,17968.271314878137,667.0764649447532,0
111012,27.543580217646102,18074.916172133006,651.7171295392424,82.88945925324856
111020,26.963323653821437,17568.852210786994,681.9787014241559,149.15547616965054
111021,27.059654905761807,18059.973436742905,640.2668237808585,144.68312594121198
111022,26.461096539045705,18160.398623021694,626.1041500276477,221.11458198993034
111100,26.266435829459397,18125.59963544056,864.1124040044799,0
111101,26.397935766309118,18657.790501508654,811.1958331917436,0
111102,25.744679221706203,18755.346392919375,791.1215746709906,89.08740370419174
111110,28.135313523346774,18484.366504708574,706.9058656089109,0
111111,28.198867607786347,18965.952520154315,662.8059499729737,0
111112,27.55156142661373,19049.37223150929,647.5912117677763,82.6381500361365
111120,26.97318840289837,18557.295744920546,677.70721944722,148.69748759482093
111121,27.06893779974316,19017.404356540104,636.2472877515146,144.25215102723703
111122,26.471918325915198,19096.420363072026,622.2145235637198,220.47046360895246
111200,26.197894162326882,18665.433679925707,861.8575223317282,9.394118154405808
111201,26.331362065445088,19178.17075594918,809.1500554756701,9.078941824549956
111202,25.681355732183697,19262.640775936903,789.1756743817198,97.72310023361294
111210,28.06749619878181,18982.151529669052,705.2019405936414,8.677435502230779
111211,28.13300895946698,19447.14644834753,661.257962139902,8.407824642017138
111212,27.488688280437767,19519.355174552646,646.1133972697415,90.66483143985955
111220,26.910851539333486,19034.39880359089,676.1409922053905,156.67368123657155
111221,27.008245646030197,19479.24469358899,634.8207368290754,152.0003966804188
111222,26.41387097213566,19547.92364230202,620.8501378727624,227.8810616695872
112000,26.130501242850325,17871.574045725472,865.535545071445,16.77470126535092
112001,26.26641612975235,18411.68426709788,812.6323100326363,16.211132557144904
112002,25.61714678374657,18515.213618164806,792.5451673531135,104.79741866078142
112010,28.007699076878456,18249.349826579495,708.3939091322305,15.493274293119361
112011,28.07515521002976,18737.731840682434,664.2948890546583,15.011282409987011
112012,27.43136263704601,18826.297675394257,649.061914823703,97.21881050195859
112020,26.852069951605536,18331.89890008749,679.1647806946515,163.39404831219085
112021,26.951338132171216,18798.26624453626,637.7039072606531,158.5143731184059
112022,26.357509519356157,18882.03122389379,623.6531456703294,234.34187473676124
112100,26.144466206166907,18981.75219086347,860.0998510611306,16.71679578850534
112101,26.279460024720766,19482.88691428854,807.555130798891,16.15704627414173
112102,25.6319821303735,19559.686887167743,787.6584474131921,104.45639059730793
112110,28.0146140855119,19273.786658042944,703.873266007333,15.443864730528038
112111,28.08164730684325,19728.887988986793,660.0507218551875,14.964894664018889
112112,27.439650273298696,19794.526780540007,644.9607735772348,96.92525395597289
112120,26.862234326356358,19313.943145383975,674.9194741656299,162.8944033398615
112121,26.960905338943604,19749.68563288345,633.7080170685884,158.04408282704608
112122,26.368589641776104,19812.305412163132,619.7858137444873,233.66188916811322
112200,26.07655879216497,19516.86223425112,857.865835028505,26.023985084922707
112201,26.21348181074615,19998.86601164667,805.5276521076992,25.15477899124913
112202,25.56921114751252,20062.796256851598,785.7295253871312,113.0167394177613
112210,27.9473766851306,19767.546655349324,702.1839117131859,24.04709714774709
112211,28.016334424030212,20206.311835856697,658.5155620771254,23.3030443158867
112212,27.377286278144606,20260.91148333278,643.4949265217027,104.88693474675449
112220,26.800408665007,19787.346673209697,673.3660909905412,170.80518708403395
112221,26.90069612599124,20208.05154199925,632.2928175242989,165.73067399245414
112222,26.310994066795107,20260.48650221618,618.4320469790807,241.01481102354103
120000,23.046520937240743,16086.191660373875,784.6682261883881,414.81705764145056
120001,23.261972885115753,16625.972111139807,739.5258038051263,402.2813862343397
120002,22.743471625202773,16759.13110854846,723.042031645953,473.5574185069752
120010,24.955456494086143,16550.745441417286,648.2696357938928,386.1863723524734
120011,25.102638956751257,17041.223502152956,610.0005608662909,375.2986995987381
120012,24.57985824671712,17156.989064868183,597.2968556152085,442.45544906943
120020,24.021395963062535,16689.20524792093,624.0054801612511,506.47655676014983
120021,24.188594075898827,17158.062442342067,587.789035976913,492.7174985141895
120022,23.702823166418092,17267.350933786664,575.9846783654962,555.1199449740393
120100,23.068588980310185,17087.197236960947,780.0444345205077,413.5330695445916
120101,23.282729241133865,17595.197903744272,735.1768424717593,401.073716212238
120102,22.76528866204127,17706.42574426544,718.8381079890347,472.167369005885
120110,24.970503686395176,17481.521741693243,644.3571986767417,385.07327162867244
120111,25.116850819148162,17944.45817142677,606.3053188036164,374.2473915543093
120112,24.595208977221354,18041.147260043428,593.7132058214577,441.2417589766368
120120,24.038473259186656,17584.85589971477,620.3064016764083,505.0712328119931
120121,24.204757342013217,18028.18163175406,584.2879436790483,491.38739187518286
120122,23.719947778455015,18119.752938851172,572.5849392256354,553.6513964475648
120200,23.014846890940138,17571.564461883358,778.2271921331043,420.95647071999105
120201,23.23011881193989,18063.8566912157,733.5156124323025,408.3021164142482
120202,22.714988173565896,18164.44620680651,717.2498167750143,479.0783953295065
120210,24.916325609639532,17931.771051218373,642.9591478321773,392.04864342096795
120211,25.06388406415062,18381.0997008082,605.0267339401711,381.04990231986994
120212,24.544417242044513,18468.539409896955,592.487124597712,447.7649323399662
120220,23.988260057543705,18018.11879217112,619.0106633783911,511.5361310017314
120221,24.155563842312464,18448.829025202234,583.1004428759462,497.7053041453513
120222,23.672703263947632,18531.809361776737,571.4444857254584,559.7190009018126
121000,23.250057801122058,17646.9384205459,770.1249687027312,411.7643616645777
121001,23.457864852793712,18136.03702984795,725.7411444938862,399.409767280887
121002,22.938647019815523,18234.84266260276,709.677545069476,470.2518296472606
121010,25.131956368406737,18001.32344867624,635.6582440809535,383.53918379909555
121011,25.27321532391579,18447.910219486155,597.997326962501,372.798187021489
121012,24.750316494970228,18533.816300532082,585.624856820747,439.56848225893657
121020,24.19749783551137,18084.93393089671,612.0231453453277,503.13390262492123
121021,24.35886895333637,18513.107078261455,576.3626960492372,489.553424810008
121022,23.8727572074694,18594.66614642523,564.8606564033977,551.6262828720169
121100,23.271338553459692,18635.804538406264,765.5797852588232,410.49917330260325
121101,23.477889591968648,19093.86375611556,721.4642227233364,398.2192517129341
121102,22.959743292678116,19171.242581518953,705.5418368713094,468.8810903490655
121110,25.14639546562817,18921.585420460855,631.8086499666399,382.44126900730004
121111,25.28685810661566,19341.229319783462,594.3600375129706,371.76082210194267
121112,24.765102799038438,19408.469025539358,582.0963350444121,438.3705574077441
121120,24.213977320149144,18970.842494317596,608.3814414625529,501.7470418375578
121121,24.374471983957736,19374.019069850947,572.9146745579185,488.24032359304346
121122,23.88932759648228,19438.22831891262,561.511500817497,550.1761367329088
121200,23.21752095120656,19113.04507895902,763.8092954229488,417.87525467767796
121201,23.425214894825313,19555.8321678893,719.8455546874878,405.40272664047086
121202,22.909365458102716,19622.86814892656,703.9937503142937,475.7513322527114
121210,25.09220787526522,19365.66070461624,630.4471749847103,389.3747380494968
121211,25.23388639877202,19772.04979854844,593.1149533618149,378.5234393420917
121212,24.714292321776778,19830.280471045367,580.9020499717486,444.857261791982
121220,24.163729720319147,19398.383600959438,607.1189595988579,508.17637695898406
121221,24.32525018388161,19789.260102783384,571.7577308673914,494.5242099795
121222,23.84204379695106,19845.093751361255,560.4001092502,556.2126088593773
122000,23.154061219684547,18410.173597493715,766.9452190045793,424.9281879533316
122001,23.363904650976284,18874.504715515162,722.834196873897,412.22969382102025
122002,22.848792260856516,18956.6420469689,706.8976119419576,482.5116097121659
122010,25.035275188055397,18711.079170067886,633.2129036372203,395.9127222417715
122011,25.178703316656414,19136.193535340302,595.7610492676132,384.86666810973
122012,24.659667893309393,19207.596666477217,583.4799923548958,451.14363515794344
122020,24.107859786815908,18768.087486063872,609.755945617565,514.606040609058
122021,24.27105996147892,19176.344095275348,574.2850204649859,500.76598063586016
122022,23.788411854704993,19244.426043211828,562.8649350498468,562.3965577210603
122100,23.175548120569882,19392.633838781127,762.428474522092,423.62792669123496
122101,23.384128366913927,19826.313917337106,718.582985502644,411.0058731057999
122102,22.870067030872153,19887.288812404455,702.7861286008904,481.1106277401473
122110,25.049934594083737,19625.78709784606,629.385049609746,394.783734545201
122111,25.192557234661184,20024.273124926436,592.1435237192818,383.799714718409
122112,24.674646325133423,20077.225155009713,579.9701826771708,449.9186560969317
122120,24.124524561470803,19648.8471533512,606.1339214641655,513.1927977547545
122121,24.286841574823345,20032.388393404188,570.8549479979482,499.42763356845177
122122,23.805144802329092,20083.31350938131,559.5328094166169,560.9233079727842
122200,23.122172150779896,19866.171401203595,760.6725134975069,430.94347922723705
122201,23.33187308447039,20284.804768396592,716.9772058782177,418.13215064742553
122202,22.82008153130547,20335.589262173515,701.2500983094518,487.92736523178553
122210,24.99616148604501,20066.650913169757,628.0339885862725,401.66416929773345
122211,25.13997946826241,20452.0647851644,590.9076990439756,390.51203954181096
122212,24.62420597047372,20496.131967485602,578.7845972255775,456.3581088898796
122220,24.074647149040306,20073.41030349795,604.8807406393187,519.574766258528
122221,24.237972705384646,20444.814826866394,569.7062998365064,505.6664631706292
122222,23.758193331737164,20487.475712949104,558.4292291416517,566.9173534246049
200000,19.67933080877174,13283.548295920926,953.1300062202013,787.1732323508696
200001,20.017216770647952,13948.732686054627,899.6220680440777,761.8343271932727
200002,19.542643894786416,14153.838963119386,878.2936167957396,829.1222254534545
200010,21.95432741401906,13982.610977256752,795.864745428857,729.4513139463425
200011,22.200155467521217,14579.575168570578,750.865343198946,707.6407869848243
200012,21.71044361974428,14756.497220756268,734.3020513252663,771.443158851657
200020,21.083340742173696,14231.255000967247,764.2906701776379,843.3336296869479
200021,21.344735459344463,14798.068902218678,721.9328774349752,819.0896435150081
200022,20.89165072400016,14963.680506698183,706.6084070365484,878.1200323096655
200100,19.71400258740947,14361.013206116037,947.639350800538,784.5731097957088
200101,20.04969577746686,14989.498484126065,894.4786620285147,759.3986460278653
200102,19.575836695649304,15169.366812329634,873.3383493674826,826.5340661530776
200110,21.979499331112763,14979.169046200126,791.2569669183888,727.2179936697352
200111,22.223846781196883,15544.651545049084,746.5285926195954,705.5388298309707
200112,21.735036478983005,15699.832915963078,730.1088039771346,769.2020854890196
200120,21.11007812786295,15187.662066033945,759.9580017374947,840.8537754039687
200121,21.369959792074106,15725.440940536226,717.845392158308,816.7501227300706
200122,20.917607844292114,15870.959238696249,702.6502881661343,875.6649974138303
200200,19.664999943098962,14884.593706931155,945.2838253898038,791.5713518762404
200201,20.0014539741956,15494.807163692854,892.3264466471514,766.2334495685959
200202,19.529845645832676,15662.338390200195,871.2865470278429,833.0499873834916
200210,21.928850127253206,15463.137662658813,789.4336071221072,733.8379862041753
200211,22.17415778747854,16012.960456468401,744.8594731861126,712.0103855575072
200212,21.68750691416552,16157.524618820353,728.5122226345635,775.3923945364899
200220,21.063352375577043,15652.067705342766,758.2758853037326,846.9609618497121
200221,21.324011808909404,16175.40640654664,716.3019382484891,822.7344446355985
200222,20.873582491665786,16311.113764608492,701.17141797506,881.3989135506051
201000,19.922905234404848,14970.600086966962,936.2922687567959,780.9931865919463
201001,20.25044220813925,15576.835950536464,883.7288813588657,756.0442827259578
201002,19.773902945519406,15742.107078099516,862.9327177417892,822.9690711579135
201010,22.16361032458173,15541.76621119034,781.3975011996147,724.1413231274123
201011,22.401488676499845,16088.224540923402,737.1454577925809,702.6424975817791
201012,21.91074952866017,16230.875022141769,720.9971500164775,766.1135807877438
201020,21.290469411231822,15727.248246401306,750.6141532750185,837.4364873635752
201021,21.544174429881448,16247.49741085709,708.9345959198797,813.5255688026482
201022,21.089897260707417,16381.44530952263,693.986109385286,872.2807427685839
201100,19.956507441077463,16034.104695639464,930.8997605870463,778.4336641832185
201101,20.281935151012384,16604.55106665595,878.6748694784133,753.6454255977368
201102,19.806133626815946,16745.200551997812,858.0617061358579,820.4191251890447
201110,22.18796346170587,16526.3530181099,776.8671348488087,721.9403500573574
201111,22.424419321438155,17042.05469246624,732.8797148740707,700.570085648526
201112,21.934595088065784,17163.458785939718,716.8711735001962,763.9033213794677
201120,21.31641555444491,16672.61866074294,746.3516291438411,834.9911430789386
201121,21.568662111903418,17164.475803370577,704.9116729490938,811.2176800045083
201122,21.115131672408616,17278.770128396023,690.0892931844637,869.8582050718868
201200,19.907289223365993,16549.4718739761,928.6039066046094,785.3924201986991
201201,20.233503385436904,17102.184031882745,876.5766586825112,760.4423104346976
201202,19.759944977647873,17230.858583520338,856.0606739376498,826.9012124191898
201210,22.137204090637695,17003.27787078295,775.0898970578544,728.5244828453849
201211,22.374634187457403,17503.74843896156,731.2526263740847,707.0071980073632
201212,21.886958837200655,17614.825842247963,715.3143152622516,770.0625877036512
201220,21.26956133229036,17130.529484502884,744.7111223265483,841.0687286331602
201221,21.52260035708044,17608.326650928124,703.4062727308151,817.1733673258559
201222,21.070984676520254,17713.068546390285,688.6464715311834,875.5663181192157
202000,19.835173036574055,15796.401656501563,932.1692265807903,793.4069214629621
202001,20.164104217374554,16373.784987280207,879.9610932180914,768.1695202851918
202002,19.691572344375643,16519.692041218128,859.3398120016302,834.531514161519
202010,22.07308665097631,16305.366810799027,778.2060097720545,735.8873017106845
202011,22.31269903720611,16827.07875468285,734.2237377118489,714.1263472160487
202012,21.825800051426462,16953.053182726882,718.201794663582,777.1007526111854
202020,21.20692420852521,16460.156812385907,747.6686939533594,848.2769683410083
202021,21.462038320627933,16957.575949776856,706.2318175138847,824.1488660219427
202022,21.011182123755603,17076.10718201212,691.3959018101789,882.4615792252456
202100,19.868914015650393,16852.54382098536,926.8138402926355,790.8181288072826
202101,20.19573609197166,17394.61437465383,874.9404651236105,765.742549673074
202102,19.723923284261705,17516.222599079174,854.5001050620068,831.956475192886
202110,22.09761464228194,17283.632949536503,773.7037517558098,733.6597353020985
202111,22.335799908221805,17774.96884528675,729.9834360737447,712.0283880459538
202112,21.849797559840084,17879.956196616946,714.0998023704803,774.8674621438888
202120,21.233011833951746,17399.696575583337,743.4314147903659,845.8096611020451
202121,21.48666503430514,17869.06152502658,702.2318267515476,821.8197284352823
202122,21.036540409663623,17968.170060569417,687.5207565634471,880.0198888570119
202200,19.82012638040795,17363.644838419183,924.5380714437581,797.7160065852768
202201,20.147714638214627,17888.258794452042,872.8600302786137,772.4818515963406
202202,19.67811683115514,17998.078859769044,852.515630754945,838.3849252577463
202210,22.04726734228624,17756.894811289567,771.9409418087616,740.1904172572625
202211,22.286407056651754,18233.221303111473,728.3691682322193,718.4147791200991
202212,21.80252851664282,18328.032032136627,712.5549452928365,780.9792492945105
202220,21.186523143255563,17854.227773032173,741.8037063255333,851.8398326003111
202221,21.440952466420693,18309.72958919053,700.7378387362019,827.7302666251954
202222,20.992721094526445,18399.419345046575,686.0886442432405,885.6856334773713
210000,21.150708640942305,16180.198871499466,720.121231187557,676.8309644053893
210001,21.401639465115128,16674.197693813065,680.3835902634801,658.0130403947958
210002,20.96197064731118,16795.935586779065,666.4059952632485,718.45233200293
210010,23.033389167051567,16602.984110427573,598.3399586363813,633.7140491290377
210011,23.2196549643728,17055.3084464144,564.2435672118772,617.188045946704
210012,22.77166190097429,17162.28606337305,553.3572209433387,674.7375257683619
210020,22.23536974440936,16729.339354697346,577.6097523748645,736.4845873567275
210021,22.43545266231914,17163.20343772746,545.1872502680876,717.9271828783616
210022,22.01693622345661,17264.622774805684,535.0171935311148,771.6900763719287
210100,21.176353307444316,17098.82834818711,716.0601177215899,674.9078073476521
210101,21.425879873318266,17565.99234724639,676.5448564602312,656.1951921449601
210102,20.986904173107742,17669.12963016304,662.6837336571348,716.5081773969922
210110,23.0523949116101,17462.123845420578,594.8609124824359,632.0278082862526
210111,23.237683620944487,17890.929312090422,560.9433793074603,615.5884949815688
210112,22.7904823106488,17981.553774332868,550.1482149391028,673.022478388712
210120,22.25576876233322,17558.465030542517,574.3041868197347,734.5926076188813
210121,22.45483788712397,17970.40317247754,542.0459651516917,716.129231002382
210122,22.036989334511375,18056.552551212062,531.95935828654,769.7934450485851
210200,21.13105751813702,17543.524728681026,714.528479683974,681.1645200941392
210201,21.38131838656064,17997.41303287288,675.1377803055838,662.317709387559
210202,20.944148120164304,18091.519211647897,661.3336659879211,722.3826373941538
210210,23.00621283388508,17877.89541120397,593.6691962637445,637.9737034077351
210211,23.192338852360724,18295.07083648392,559.8487845045444,621.4121154104063
210212,22.746864399601524,18377.759174882747,549.0953054141991,678.6243188164309
210220,22.212720400032183,17959.710139125855,573.193335293138,740.1350400949076
210221,22.41249407837204,18360.80553022874,541.0238116719598,721.5674387027254
210222,21.99620533299811,18439.544154366075,530.9748575934541,775.0313269873504
211000,21.350427303522014,17612.790568452943,707.2024207235006,672.2570324322619
211001,21.594192921097424,18063.974622559803,668.0827254878053,653.689098286135
211002,21.15342399120181,18156.56150732548,654.4461839846816,713.8275951511614
211010,23.208547937248216,17942.215255370495,587.0098058902169,629.7025847569669
211011,23.389125586959914,18357.04140517729,553.4172997670325,613.3824473535907
211012,22.940591946937293,18438.40869083854,542.8044072502473,670.6568605103951
211020,22.40937460543872,18021.682528741127,566.7964524461947,731.983110372925
211021,22.603906903555963,18420.5917268872,534.8379988059777,713.6490389284214
211022,22.184714154294973,18498.099462685506,524.9193501367312,767.1768383423079
211100,21.37533549667474,18521.186436692482,703.205134581598,670.359743984617
211101,21.617746009195677,18946.110906681428,664.3029076552998,651.8950298974254
211102,21.17768269654564,19020.49158160367,650.7799743198128,711.9083559227892
211110,23.22697055690582,18792.38989818294,583.5826820759406,628.0375964008654
211111,23.406606853077413,19184.17016032467,550.1652941061404,611.8025360773169
211112,22.958872026448194,19249.510087237693,539.6414209057137,668.9624688194422
211120,22.429204978914665,18842.45373076553,563.5386485877457,730.1141585968035
211121,22.622757535689765,19219.863073762535,531.7411503187732,711.8724247637813
211122,22.204240318470525,19282.39503954774,521.9040282897154,765.3023001383947
211200,21.329921540967607,18959.87053103499,701.7111076532306,676.5840464216583
211201,21.57307950523702,19371.858662667117,662.930327533306,657.9863930886486
211202,21.13481439441443,19437.439551135714,649.4626520726231,717.7544905993242
211210,23.180731929334787,19202.893578051528,582.4209265113352,633.9539711772675
211211,23.361212816178085,19583.322905224955,549.0983208443539,617.5977522225372
211212,22.91519640520053,19640.917838393747,538.6148384899104,674.5383039444025
211220,22.38608512787098,19238.788897126444,562.4552529610479,735.631476313148
211221,22.58035018187844,19605.606989384007,530.7443781497734,717.2863469057679
211222,22.163386092087293,19660.900833194744,520.9437619164346,770.5179427317532
212000,21.269449243351993,18314.032157540238,704.5201380991953,683.3613978306507
212001,21.51454413499585,18744.25499184183,665.6185454976124,664.5563757832284
212002,21.07698776208595,18822.671982229782,652.0813943182968,724.2565514892299
212010,23.126074675608436,18598.054755112422,584.9238238874996,640.2577524709335
212011,23.308157280681716,18994.50617123041,551.5014837498586,623.7214984583196
212012,22.862694153571706,19063.41400192669,540.9612435842133,680.6038299305683
212020,22.332473983782315,18654.743359105578,564.8514182668304,741.8250754262406
212021,22.52827507871113,19036.51452392643,533.0484509185859,723.30666100499
212022,22.111857003521767,19102.382849740425,523.1954546666028,776.4801551561848
212100,21.29449090742287,19217.0207367383,700.5455117525713,681.4400642532823
212101,21.538228380886586,19621.2862890456,661.8593692922757,662.7391907608694
212102,21.101363815714436,19681.70418633483,648.4347319238847,722.3162898394637
212110,23.14464929523038,19443.488249812952,581.5143424893068,638.5708553171253
212111,23.325786018485182,19817.14265627877,548.2656245593137,622.1205037552695
212112,22.881108456484597,19870.194425596244,537.813611449678,678.8901317228863
212120,22.35243215606717,19471.094303518264,561.6097147322472,739.9374776801908
212121,22.547250449231075,19831.58996528833,529.9663788326968,721.5120143753944
212122,22.13149663538877,19882.637299543218,520.1942097735907,774.5891006843148
212200,21.249419464121644,19652.576389256254,699.0627527868769,687.617422953103
212201,21.4938895336327,20044.0812959233,660.4968579027758,668.7858699984831
212202,21.058803618893595,20095.818987494746,647.1268776042698,728.1204068701045
212210,23.098737521716675,19851.248328237925,580.3607992039116,644.445408110439
212211,23.28070462125428,20213.69649114437,547.2059997994354,627.8758068507191
212212,22.837727920433277,20259.102198261386,536.7939649231666,684.4282948845033
212220,22.309606707491213,19864.871030825703,560.5337160315199,745.417125694261
212221,22.505125442151606,20214.905915259955,528.9762431391906,726.8898908062978
212222,22.090909412295687,20258.804546491912,519.2402192327952,779.7706563824859
220000,19.127958352468426,16794.157240699566,651.2523600377201,956.3885485215636
220001,19.406492114517494,17226.624940829613,616.9554814161662,932.2769582370141
220002,19.044283977528877,17326.9150993002,605.4404536507158,982.0680790256973
220010,20.95827365348358,17143.265031194842,544.434538051117,900.9515776442139
220011,21.177513136381883,17542.957662660665,514.6189973573223,879.5229112041686
220012,20.80422236999612,17632.09689244622,505.547936053615,927.4760854447678
220020,20.295498099095468,17241.51109980386,527.2175711982728,986.305139870933
220021,20.523241008777543,17626.59082289813,498.7200169558816,963.5711335578824
220022,20.17246830728373,17711.593779884308,490.1961504007972,1008.6316225606985
220100,19.15635601649116,17623.58120210856,647.7556520301939,953.9302726022737
220101,19.433477705092816,18034.106974114053,613.6326471655387,929.9409200535204
220102,19.071657839430543,18119.11650387112,602.2078015803743,979.6530936684047
220110,20.98059668270686,17923.882493847203,541.3987108478381,898.7697044668403
220111,21.19878813584939,18304.10745502368,511.72569728199693,877.4434734082274
220112,20.825990274392584,18379.65420531678,502.72658637166097,925.321835336486
220120,20.318671282954536,17997.270123542225,524.3179021595546,983.991920509325
220121,20.54535943155599,18364.087395207516,495.9523305600027,961.363203731299
220122,20.19499959989047,18436.32237518482,487.4948598777307,1006.3598535512688
220200,19.11928197738669,18024.924832036817,646.5020253825772,959.0513140186175
220201,19.39681137912321,18424.60212961002,612.4748690772315,934.9786831378789
220202,19.03634289789224,18502.197322936194,601.0926948871979,984.5051835384239
220210,20.9423357777744,18301.513300325496,540.4113983838707,903.6957567188846
220211,21.161045002376543,18672.1167303946,510.8146012716858,882.2908172144879
220212,20.789561815011787,18741.07091467169,501.8472257847214,930.0003357868563
220220,20.282784447500866,18362.878327055445,523.391851926339,988.6123137519139
220221,20.50990527112365,18720.66927059306,495.0964889499765,965.9165751439166
220222,20.160743320115404,18786.711247295556,486.6679343694495,1010.7593813677031
221000,19.321063892328223,18086.826062003584,639.9826552114914,950.539727729034
221001,19.59309758850556,18484.32000173096,606.1726912186962,926.7184731429243
221002,19.22954648656337,18560.68669116601,594.925120544159,976.3213723527329
221010,21.12970209509814,18359.42431455781,534.4299160334416,895.7593173161356
221011,21.343653570401898,18728.105002268872,505.01875677987255,874.574025695671
221012,20.969514084625107,18795.976643768983,496.1661272454764,922.348858115318
221020,20.46523513616576,18418.87735704196,517.6236676788275,980.7997298386115
221021,20.687844915348833,18774.867001488074,489.5014663324834,958.3159181865526
221022,20.33615452640276,18839.89371246361,481.18001178810886,1003.2241677411662
221100,19.348795007629462,18907.88824235984,636.536067443174,948.1113890091242
221101,19.61945788173246,19283.86689618838,602.8964773622338,924.410173602293
221102,19.25630764189559,19345.24751838699,591.7370456556749,973.9345331956386
221110,21.15148401576377,19132.625552284982,531.4356317611042,893.6024902098958
221111,21.36441854411206,19482.195748048114,502.1642686403614,872.5178958049269
221112,20.990780124902397,19536.722457946587,493.3820093370737,920.2183328530925
221120,20.4878833985072,19167.681739012012,514.762522063176,978.5122325570451
221121,20.709467859979306,19505.73366549986,486.76984867924955,956.1319790253059
221122,20.35819859241503,19558.217904897872,478.51336959567226,1000.9766650183785
221200,19.311576514414842,19304.3179869519,635.3116545896784,953.2124455987041
221201,19.582660399599362,19669.699969559173,601.7657084853575,929.4284044538214
221202,19.220858542524937,19723.839089125402,590.6477119307034,978.7688792923972
221210,21.113132834561004,19505.897563615177,530.4720500003119,898.5096419363338
221211,21.326593666460056,19846.0570806225,501.275206203052,877.3467974984685
221212,20.954265572343328,19894.136503643094,492.52374569920806,924.8799522855104
221220,20.45189885885283,19529.201817711444,513.8584026855191,983.1165652099663
221221,20.673924635179283,19858.41915953703,485.93441580987513,960.6695941898511
221222,20.32384989397411,19904.84276899456,477.70601371113383,1005.3617813325228
222000,19.25472428535237,18720.01570147645,637.7852504487572,959.6367502398062
222001,19.527504228518787,19100.363824654498,604.1433590332339,935.6680288088946
222002,19.166360795902573,19165.086413188175,592.9702770090133,984.9424257028832
222010,21.061320025820432,18955.35858503103,532.700340132286,904.5110532788391
222011,21.276207583942945,19308.824544997085,503.4228965341587,883.1863770324036
222012,20.904408330202713,19366.33745340759,494.6256399503113,930.6623792092656
222020,20.401079743179732,18995.94362018978,516.0009963731791,989.0105234856568
222021,20.624473813544622,19337.654674872225,488.00202318684904,966.4079370298962
222022,20.27491652098735,19392.94707212551,479.73104049270444,1011.0438060248941
222100,19.28252932424062,19536.65384484947,634.3560610141361,957.1935675638664
222101,19.55393932878497,19895.711320736555,600.8831238326904,933.3452203687896
222102,19.19318819738769,19945.60281238258,589.7974155712828,982.5424032291132
222110,21.083195742950863,19724.633246966834,529.719874068776,902.3401849906015
222111,21.29706516018644,20059.17697548255,500.5811474938801,881.1165454211002
222112,20.925758417465506,20103.475319595596,491.85369354914917,928.5193096876432
222120,20.423806331959454,19741.06440275842,513.1525718432849,986.7110905289127
222121,20.6461746503651,20065.008994813837,485.282160715723,964.212287702248
222122,20.297031132310064,20107.87774376016,477.07564673863413,1008.7855905199497
222200,19.2455650824919,19930.523169255586,633.1400125176035,962.2597771995926
222201,19.51738697537607,20279.11459919764,599.7598876432724,938.3300219622529
222202,19.157970898866818,20321.854107608084,588.7152049746171,987.3451376473457
222210,21.045091575080054,20095.632365405225,528.7624985716212,907.2157306006077
222211,21.25947818993294,20420.874916528046,499.6976769988238,885.9150747377614
222212,20.889469536271516,20458.801300754963,491.0007342492304,933.1521188527287
222220,20.388046331431667,20100.451851208923,512.2540940599721,991.2866927091836
222221,20.610848165881436,20415.661495943248,484.4518222626662,968.7222327791235
222222,20.262888356263648,20452.538290333036,476.2731309983954,1013.1444178131824
